country_code,country,indicator_code,indicator,year,value
BRA,Brazil,EN.GHG.CO2.PC.CE.AR5,CO2 emissions per capita (t),2000,2.00787868943563
BRA,Brazil,EN.GHG.CO2.PC.CE.AR5,CO2 emissions per capita (t),2001,1.9928207750233
BRA,Brazil,EN.GHG.CO2.PC.CE.AR5,CO2 emissions per capita (t),2002,1.96879630651915
BRA,Brazil,EN.GHG.CO2.PC.CE.AR5,CO2 emissions per capita (t),2003,1.91839410561756
BRA,Brazil,EN.GHG.CO2.PC.CE.AR5,CO2 emissions per capita (t),2004,1.99978275095698
BRA,Brazil,EN.GHG.CO2.PC.CE.AR5,CO2 emissions per capita (t),2005,1.99935674253319
BRA,Brazil,EN.GHG.CO2.PC.CE.AR5,CO2 emissions per capita (t),2006,2.00204169117872
BRA,Brazil,EN.GHG.CO2.PC.CE.AR5,CO2 emissions per capita (t),2007,2.08496718576573
BRA,Brazil,EN.GHG.CO2.PC.CE.AR5,CO2 emissions per capita (t),2008,2.16839391882541
BRA,Brazil,EN.GHG.CO2.PC.CE.AR5,CO2 emissions per capita (t),2009,2.00746250710986
BRA,Brazil,EN.GHG.CO2.PC.CE.AR5,CO2 emissions per capita (t),2010,2.27112813109879
BRA,Brazil,EN.GHG.CO2.PC.CE.AR5,CO2 emissions per capita (t),2011,2.37418967936326
BRA,Brazil,EN.GHG.CO2.PC.CE.AR5,CO2 emissions per capita (t),2012,2.52901988702936
BRA,Brazil,EN.GHG.CO2.PC.CE.AR5,CO2 emissions per capita (t),2013,2.63744450973958
BRA,Brazil,EN.GHG.CO2.PC.CE.AR5,CO2 emissions per capita (t),2014,2.7310345760982
BRA,Brazil,EN.GHG.CO2.PC.CE.AR5,CO2 emissions per capita (t),2015,2.56818858918394
BRA,Brazil,EN.GHG.CO2.PC.CE.AR5,CO2 emissions per capita (t),2016,2.37533549789759
BRA,Brazil,EN.GHG.CO2.PC.CE.AR5,CO2 emissions per capita (t),2017,2.41694955353585
BRA,Brazil,EN.GHG.CO2.PC.CE.AR5,CO2 emissions per capita (t),2018,2.28562350357953
BRA,Brazil,EN.GHG.CO2.PC.CE.AR5,CO2 emissions per capita (t),2019,2.25869881785082
BRA,Brazil,EN.GHG.CO2.PC.CE.AR5,CO2 emissions per capita (t),2020,2.1466461829
BRA,Brazil,EN.GHG.CO2.PC.CE.AR5,CO2 emissions per capita (t),2021,2.41580858865319
BRA,Brazil,EN.GHG.CO2.PC.CE.AR5,CO2 emissions per capita (t),2022,2.27889577215227
BRA,Brazil,EN.GHG.CO2.PC.CE.AR5,CO2 emissions per capita (t),2023,2.27447826989363
CHN,China,EN.GHG.CO2.PC.CE.AR5,CO2 emissions per capita (t),2000,2.88907594771294
CHN,China,EN.GHG.CO2.PC.CE.AR5,CO2 emissions per capita (t),2001,3.00747564571294
CHN,China,EN.GHG.CO2.PC.CE.AR5,CO2 emissions per capita (t),2002,3.22795454545455
CHN,China,EN.GHG.CO2.PC.CE.AR5,CO2 emissions per capita (t),2003,3.70467882645141
CHN,China,EN.GHG.CO2.PC.CE.AR5,CO2 emissions per capita (t),2004,4.24069749050016
CHN,China,EN.GHG.CO2.PC.CE.AR5,CO2 emissions per capita (t),2005,4.78299420120885
CHN,China,EN.GHG.CO2.PC.CE.AR5,CO2 emissions per capita (t),2006,5.28052516361306
CHN,China,EN.GHG.CO2.PC.CE.AR5,CO2 emissions per capita (t),2007,5.7076324565497
CHN,China,EN.GHG.CO2.PC.CE.AR5,CO2 emissions per capita (t),2008,5.85225866357655
CHN,China,EN.GHG.CO2.PC.CE.AR5,CO2 emissions per capita (t),2009,6.24909018523805
CHN,China,EN.GHG.CO2.PC.CE.AR5,CO2 emissions per capita (t),2010,6.80718476794211
CHN,China,EN.GHG.CO2.PC.CE.AR5,CO2 emissions per capita (t),2011,7.40185065816131
CHN,China,EN.GHG.CO2.PC.CE.AR5,CO2 emissions per capita (t),2012,7.58441651466929
CHN,China,EN.GHG.CO2.PC.CE.AR5,CO2 emissions per capita (t),2013,7.89327631231478
CHN,China,EN.GHG.CO2.PC.CE.AR5,CO2 emissions per capita (t),2014,7.93164331637339
CHN,China,EN.GHG.CO2.PC.CE.AR5,CO2 emissions per capita (t),2015,7.79057049265868
CHN,China,EN.GHG.CO2.PC.CE.AR5,CO2 emissions per capita (t),2016,7.76322483949301
CHN,China,EN.GHG.CO2.PC.CE.AR5,CO2 emissions per capita (t),2017,7.87802652170332
CHN,China,EN.GHG.CO2.PC.CE.AR5,CO2 emissions per capita (t),2018,8.2177362485386
CHN,China,EN.GHG.CO2.PC.CE.AR5,CO2 emissions per capita (t),2019,8.39147587098516
CHN,China,EN.GHG.CO2.PC.CE.AR5,CO2 emissions per capita (t),2020,8.47858302033874
CHN,China,EN.GHG.CO2.PC.CE.AR5,CO2 emissions per capita (t),2021,8.88715660313235
CHN,China,EN.GHG.CO2.PC.CE.AR5,CO2 emissions per capita (t),2022,8.86482511020235
CHN,China,EN.GHG.CO2.PC.CE.AR5,CO2 emissions per capita (t),2023,9.23027553501428
DEU,Germany,EN.GHG.CO2.PC.CE.AR5,CO2 emissions per capita (t),2000,10.5993032021746
DEU,Germany,EN.GHG.CO2.PC.CE.AR5,CO2 emissions per capita (t),2001,10.7525841705381
DEU,Germany,EN.GHG.CO2.PC.CE.AR5,CO2 emissions per capita (t),2002,10.546202837135
DEU,Germany,EN.GHG.CO2.PC.CE.AR5,CO2 emissions per capita (t),2003,10.6369632865784
DEU,Germany,EN.GHG.CO2.PC.CE.AR5,CO2 emissions per capita (t),2004,10.4632650583049
DEU,Germany,EN.GHG.CO2.PC.CE.AR5,CO2 emissions per capita (t),2005,10.2067903422435
DEU,Germany,EN.GHG.CO2.PC.CE.AR5,CO2 emissions per capita (t),2006,10.3846207212787
DEU,Germany,EN.GHG.CO2.PC.CE.AR5,CO2 emissions per capita (t),2007,10.0478127320359
DEU,Germany,EN.GHG.CO2.PC.CE.AR5,CO2 emissions per capita (t),2008,10.1072965484379
DEU,Germany,EN.GHG.CO2.PC.CE.AR5,CO2 emissions per capita (t),2009,9.37864424258525
DEU,Germany,EN.GHG.CO2.PC.CE.AR5,CO2 emissions per capita (t),2010,9.96567124737992
DEU,Germany,EN.GHG.CO2.PC.CE.AR5,CO2 emissions per capita (t),2011,9.81776726131477
DEU,Germany,EN.GHG.CO2.PC.CE.AR5,CO2 emissions per capita (t),2012,9.94745307113612
DEU,Germany,EN.GHG.CO2.PC.CE.AR5,CO2 emissions per capita (t),2013,10.1408601249876
DEU,Germany,EN.GHG.CO2.PC.CE.AR5,CO2 emissions per capita (t),2014,9.61630846170469
DEU,Germany,EN.GHG.CO2.PC.CE.AR5,CO2 emissions per capita (t),2015,9.60884887243027
DEU,Germany,EN.GHG.CO2.PC.CE.AR5,CO2 emissions per capita (t),2016,9.58423383867929
DEU,Germany,EN.GHG.CO2.PC.CE.AR5,CO2 emissions per capita (t),2017,9.36976518940283
DEU,Germany,EN.GHG.CO2.PC.CE.AR5,CO2 emissions per capita (t),2018,9.00657809367265
DEU,Germany,EN.GHG.CO2.PC.CE.AR5,CO2 emissions per capita (t),2019,8.38218043063623
DEU,Germany,EN.GHG.CO2.PC.CE.AR5,CO2 emissions per capita (t),2020,7.72103264767393
DEU,Germany,EN.GHG.CO2.PC.CE.AR5,CO2 emissions per capita (t),2021,8.06128144646434
DEU,Germany,EN.GHG.CO2.PC.CE.AR5,CO2 emissions per capita (t),2022,7.91182860265874
DEU,Germany,EN.GHG.CO2.PC.CE.AR5,CO2 emissions per capita (t),2023,7.07982839106762
IND,India,EN.GHG.CO2.PC.CE.AR5,CO2 emissions per capita (t),2000,0.942309744278839
IND,India,EN.GHG.CO2.PC.CE.AR5,CO2 emissions per capita (t),2001,0.939789720011458
IND,India,EN.GHG.CO2.PC.CE.AR5,CO2 emissions per capita (t),2002,0.957620477500199
IND,India,EN.GHG.CO2.PC.CE.AR5,CO2 emissions per capita (t),2003,0.969744882653011
IND,India,EN.GHG.CO2.PC.CE.AR5,CO2 emissions per capita (t),2004,1.02822643182898
IND,India,EN.GHG.CO2.PC.CE.AR5,CO2 emissions per capita (t),2005,1.05460489385527
IND,India,EN.GHG.CO2.PC.CE.AR5,CO2 emissions per capita (t),2006,1.10810989189174
IND,India,EN.GHG.CO2.PC.CE.AR5,CO2 emissions per capita (t),2007,1.18862350046436
IND,India,EN.GHG.CO2.PC.CE.AR5,CO2 emissions per capita (t),2008,1.25815998206335
IND,India,EN.GHG.CO2.PC.CE.AR5,CO2 emissions per capita (t),2009,1.32284533301467
IND,India,EN.GHG.CO2.PC.CE.AR5,CO2 emissions per capita (t),2010,1.39129863287623
IND,India,EN.GHG.CO2.PC.CE.AR5,CO2 emissions per capita (t),2011,1.46337391608571
IND,India,EN.GHG.CO2.PC.CE.AR5,CO2 emissions per capita (t),2012,1.57607553513255
IND,India,EN.GHG.CO2.PC.CE.AR5,CO2 emissions per capita (t),2013,1.59945855716817
IND,India,EN.GHG.CO2.PC.CE.AR5,CO2 emissions per capita (t),2014,1.70517686000076
IND,India,EN.GHG.CO2.PC.CE.AR5,CO2 emissions per capita (t),2015,1.71550269097521
IND,India,EN.GHG.CO2.PC.CE.AR5,CO2 emissions per capita (t),2016,1.7202923565219
IND,India,EN.GHG.CO2.PC.CE.AR5,CO2 emissions per capita (t),2017,1.79545339877531
IND,India,EN.GHG.CO2.PC.CE.AR5,CO2 emissions per capita (t),2018,1.85989309419052
IND,India,EN.GHG.CO2.PC.CE.AR5,CO2 emissions per capita (t),2019,1.83688223212799
IND,India,EN.GHG.CO2.PC.CE.AR5,CO2 emissions per capita (t),2020,1.68040016064392
IND,India,EN.GHG.CO2.PC.CE.AR5,CO2 emissions per capita (t),2021,1.83702951699406
IND,India,EN.GHG.CO2.PC.CE.AR5,CO2 emissions per capita (t),2022,1.96929618962877
IND,India,EN.GHG.CO2.PC.CE.AR5,CO2 emissions per capita (t),2023,2.09622858892568
JPN,Japan,EN.GHG.CO2.PC.CE.AR5,CO2 emissions per capita (t),2000,9.80406329083986
JPN,Japan,EN.GHG.CO2.PC.CE.AR5,CO2 emissions per capita (t),2001,9.67360734256659
JPN,Japan,EN.GHG.CO2.PC.CE.AR5,CO2 emissions per capita (t),2002,9.92193416768018
JPN,Japan,EN.GHG.CO2.PC.CE.AR5,CO2 emissions per capita (t),2003,9.95886797475689
JPN,Japan,EN.GHG.CO2.PC.CE.AR5,CO2 emissions per capita (t),2004,9.91730575058116
JPN,Japan,EN.GHG.CO2.PC.CE.AR5,CO2 emissions per capita (t),2005,10.0074734098753
JPN,Japan,EN.GHG.CO2.PC.CE.AR5,CO2 emissions per capita (t),2006,9.82400472413847
JPN,Japan,EN.GHG.CO2.PC.CE.AR5,CO2 emissions per capita (t),2007,10.0916024093562
JPN,Japan,EN.GHG.CO2.PC.CE.AR5,CO2 emissions per capita (t),2008,9.53253711064086
JPN,Japan,EN.GHG.CO2.PC.CE.AR5,CO2 emissions per capita (t),2009,9.03961045553586
JPN,Japan,EN.GHG.CO2.PC.CE.AR5,CO2 emissions per capita (t),2010,9.50311626454283
JPN,Japan,EN.GHG.CO2.PC.CE.AR5,CO2 emissions per capita (t),2011,9.93397401297005
JPN,Japan,EN.GHG.CO2.PC.CE.AR5,CO2 emissions per capita (t),2012,10.2516011251361
JPN,Japan,EN.GHG.CO2.PC.CE.AR5,CO2 emissions per capita (t),2013,10.3847926556554
JPN,Japan,EN.GHG.CO2.PC.CE.AR5,CO2 emissions per capita (t),2014,10.0063625506773
JPN,Japan,EN.GHG.CO2.PC.CE.AR5,CO2 emissions per capita (t),2015,9.69456115651128
JPN,Japan,EN.GHG.CO2.PC.CE.AR5,CO2 emissions per capita (t),2016,9.66865261733136
JPN,Japan,EN.GHG.CO2.PC.CE.AR5,CO2 emissions per capita (t),2017,9.55283290804272
JPN,Japan,EN.GHG.CO2.PC.CE.AR5,CO2 emissions per capita (t),2018,9.17213648658239
JPN,Japan,EN.GHG.CO2.PC.CE.AR5,CO2 emissions per capita (t),2019,8.87456666113888
JPN,Japan,EN.GHG.CO2.PC.CE.AR5,CO2 emissions per capita (t),2020,8.39710520271501
JPN,Japan,EN.GHG.CO2.PC.CE.AR5,CO2 emissions per capita (t),2021,8.5947828493867
JPN,Japan,EN.GHG.CO2.PC.CE.AR5,CO2 emissions per capita (t),2022,8.3956307081074
JPN,Japan,EN.GHG.CO2.PC.CE.AR5,CO2 emissions per capita (t),2023,8.05063579850566
USA,United States,EN.GHG.CO2.PC.CE.AR5,CO2 emissions per capita (t),2000,21.0118753202743
USA,United States,EN.GHG.CO2.PC.CE.AR5,CO2 emissions per capita (t),2001,20.6255077855762
USA,United States,EN.GHG.CO2.PC.CE.AR5,CO2 emissions per capita (t),2002,19.9103793387111
USA,United States,EN.GHG.CO2.PC.CE.AR5,CO2 emissions per capita (t),2003,19.9681657791826
USA,United States,EN.GHG.CO2.PC.CE.AR5,CO2 emissions per capita (t),2004,20.0815597947275
USA,United States,EN.GHG.CO2.PC.CE.AR5,CO2 emissions per capita (t),2005,19.9249914215479
USA,United States,EN.GHG.CO2.PC.CE.AR5,CO2 emissions per capita (t),2006,19.4048177077015
USA,United States,EN.GHG.CO2.PC.CE.AR5,CO2 emissions per capita (t),2007,19.4956606869752
USA,United States,EN.GHG.CO2.PC.CE.AR5,CO2 emissions per capita (t),2008,18.7089026291301
USA,United States,EN.GHG.CO2.PC.CE.AR5,CO2 emissions per capita (t),2009,17.1890632001903
USA,United States,EN.GHG.CO2.PC.CE.AR5,CO2 emissions per capita (t),2010,17.847084306938
USA,United States,EN.GHG.CO2.PC.CE.AR5,CO2 emissions per capita (t),2011,17.0203888981196
USA,United States,EN.GHG.CO2.PC.CE.AR5,CO2 emissions per capita (t),2012,16.1854221004814
USA,United States,EN.GHG.CO2.PC.CE.AR5,CO2 emissions per capita (t),2013,16.495975221911
USA,United States,EN.GHG.CO2.PC.CE.AR5,CO2 emissions per capita (t),2014,16.4248953102317
USA,United States,EN.GHG.CO2.PC.CE.AR5,CO2 emissions per capita (t),2015,15.9501022949136
USA,United States,EN.GHG.CO2.PC.CE.AR5,CO2 emissions per capita (t),2016,15.5045482189269
USA,United States,EN.GHG.CO2.PC.CE.AR5,CO2 emissions per capita (t),2017,15.1847127213968
USA,United States,EN.GHG.CO2.PC.CE.AR5,CO2 emissions per capita (t),2018,15.5796456645972
USA,United States,EN.GHG.CO2.PC.CE.AR5,CO2 emissions per capita (t),2019,15.0439662080505
USA,United States,EN.GHG.CO2.PC.CE.AR5,CO2 emissions per capita (t),2020,13.4715821678248
USA,United States,EN.GHG.CO2.PC.CE.AR5,CO2 emissions per capita (t),2021,14.3161154347115
USA,United States,EN.GHG.CO2.PC.CE.AR5,CO2 emissions per capita (t),2022,14.4177148825165
USA,United States,EN.GHG.CO2.PC.CE.AR5,CO2 emissions per capita (t),2023,13.7119419860139
BRA,Brazil,NY.GDP.MKTP.CD,GDP (current US$),2000,655448188259.351
BRA,Brazil,NY.GDP.MKTP.CD,GDP (current US$),2001,559983704094.17
BRA,Brazil,NY.GDP.MKTP.CD,GDP (current US$),2002,509795270685.19
BRA,Brazil,NY.GDP.MKTP.CD,GDP (current US$),2003,558233724164.711
BRA,Brazil,NY.GDP.MKTP.CD,GDP (current US$),2004,669289321944.512
BRA,Brazil,NY.GDP.MKTP.CD,GDP (current US$),2005,891633826625.407
BRA,Brazil,NY.GDP.MKTP.CD,GDP (current US$),2006,1107626711163.23
BRA,Brazil,NY.GDP.MKTP.CD,GDP (current US$),2007,1397114247188.89
BRA,Brazil,NY.GDP.MKTP.CD,GDP (current US$),2008,1695855391757.96
BRA,Brazil,NY.GDP.MKTP.CD,GDP (current US$),2009,1666996294252.12
BRA,Brazil,NY.GDP.MKTP.CD,GDP (current US$),2010,2208838108484.35
BRA,Brazil,NY.GDP.MKTP.CD,GDP (current US$),2011,2616156606579.21
BRA,Brazil,NY.GDP.MKTP.CD,GDP (current US$),2012,2465228293706.86
BRA,Brazil,NY.GDP.MKTP.CD,GDP (current US$),2013,2472819362043.74
BRA,Brazil,NY.GDP.MKTP.CD,GDP (current US$),2014,2456043766032.38
BRA,Brazil,NY.GDP.MKTP.CD,GDP (current US$),2015,1802211999456.42
BRA,Brazil,NY.GDP.MKTP.CD,GDP (current US$),2016,1795693265999.04
BRA,Brazil,NY.GDP.MKTP.CD,GDP (current US$),2017,2063514688805.78
BRA,Brazil,NY.GDP.MKTP.CD,GDP (current US$),2018,1916933708352.71
BRA,Brazil,NY.GDP.MKTP.CD,GDP (current US$),2019,1873288158838.63
BRA,Brazil,NY.GDP.MKTP.CD,GDP (current US$),2020,1476107292151.95
BRA,Brazil,NY.GDP.MKTP.CD,GDP (current US$),2021,1670647464062.96
BRA,Brazil,NY.GDP.MKTP.CD,GDP (current US$),2022,1951923832083.87
BRA,Brazil,NY.GDP.MKTP.CD,GDP (current US$),2023,2191131869706.02
CHN,China,NY.GDP.MKTP.CD,GDP (current US$),2000,1223754919971.05
CHN,China,NY.GDP.MKTP.CD,GDP (current US$),2001,1355036590251.52
CHN,China,NY.GDP.MKTP.CD,GDP (current US$),2002,1489821682050.54
CHN,China,NY.GDP.MKTP.CD,GDP (current US$),2003,1683903309843.85
CHN,China,NY.GDP.MKTP.CD,GDP (current US$),2004,1984196551300.44
CHN,China,NY.GDP.MKTP.CD,GDP (current US$),2005,2317551298052.05
CHN,China,NY.GDP.MKTP.CD,GDP (current US$),2006,2791498472804.33
CHN,China,NY.GDP.MKTP.CD,GDP (current US$),2007,3604055822571.63
CHN,China,NY.GDP.MKTP.CD,GDP (current US$),2008,4667346414521.95
CHN,China,NY.GDP.MKTP.CD,GDP (current US$),2009,5189577094997.58
CHN,China,NY.GDP.MKTP.CD,GDP (current US$),2010,6192564874453.29
CHN,China,NY.GDP.MKTP.CD,GDP (current US$),2011,7671757207851.29
CHN,China,NY.GDP.MKTP.CD,GDP (current US$),2012,8673664713189.24
CHN,China,NY.GDP.MKTP.CD,GDP (current US$),2013,9743124247267.24
CHN,China,NY.GDP.MKTP.CD,GDP (current US$),2014,10674533168257.4
CHN,China,NY.GDP.MKTP.CD,GDP (current US$),2015,11280814787468.9
CHN,China,NY.GDP.MKTP.CD,GDP (current US$),2016,11456024084962
CHN,China,NY.GDP.MKTP.CD,GDP (current US$),2017,12537559062282.9
CHN,China,NY.GDP.MKTP.CD,GDP (current US$),2018,14147765772963.8
CHN,China,NY.GDP.MKTP.CD,GDP (current US$),2019,14560167101283.4
CHN,China,NY.GDP.MKTP.CD,GDP (current US$),2020,14996414166715.1
CHN,China,NY.GDP.MKTP.CD,GDP (current US$),2021,18201698719564
CHN,China,NY.GDP.MKTP.CD,GDP (current US$),2022,18316765021690.2
CHN,China,NY.GDP.MKTP.CD,GDP (current US$),2023,18270356654533.2
DEU,Germany,NY.GDP.MKTP.CD,GDP (current US$),2000,1966980701145.1
DEU,Germany,NY.GDP.MKTP.CD,GDP (current US$),2001,1966381496641.73
DEU,Germany,NY.GDP.MKTP.CD,GDP (current US$),2002,2102350798305.89
DEU,Germany,NY.GDP.MKTP.CD,GDP (current US$),2003,2534715518349.01
DEU,Germany,NY.GDP.MKTP.CD,GDP (current US$),2004,2852317768061.78
DEU,Germany,NY.GDP.MKTP.CD,GDP (current US$),2005,2893393187361.87
DEU,Germany,NY.GDP.MKTP.CD,GDP (current US$),2006,3046308753670.58
DEU,Germany,NY.GDP.MKTP.CD,GDP (current US$),2007,3484056680854.91
DEU,Germany,NY.GDP.MKTP.CD,GDP (current US$),2008,3808197720125
DEU,Germany,NY.GDP.MKTP.CD,GDP (current US$),2009,3478545516683.59
DEU,Germany,NY.GDP.MKTP.CD,GDP (current US$),2010,3467093769666.67
DEU,Germany,NY.GDP.MKTP.CD,GDP (current US$),2011,3823575803793.78
DEU,Germany,NY.GDP.MKTP.CD,GDP (current US$),2012,3596483233406.25
DEU,Germany,NY.GDP.MKTP.CD,GDP (current US$),2013,3807023797050.99
DEU,Germany,NY.GDP.MKTP.CD,GDP (current US$),2014,3964870735760.77
DEU,Germany,NY.GDP.MKTP.CD,GDP (current US$),2015,3425099578746.09
DEU,Germany,NY.GDP.MKTP.CD,GDP (current US$),2016,3536787895179
DEU,Germany,NY.GDP.MKTP.CD,GDP (current US$),2017,3765351626105.89
DEU,Germany,NY.GDP.MKTP.CD,GDP (current US$),2018,4055433215301.96
DEU,Germany,NY.GDP.MKTP.CD,GDP (current US$),2019,3959894794039.21
DEU,Germany,NY.GDP.MKTP.CD,GDP (current US$),2020,3941398957073.94
DEU,Germany,NY.GDP.MKTP.CD,GDP (current US$),2021,4355251953410.78
DEU,Germany,NY.GDP.MKTP.CD,GDP (current US$),2022,4201021706478.62
DEU,Germany,NY.GDP.MKTP.CD,GDP (current US$),2023,4562207532490.28
IND,India,NY.GDP.MKTP.CD,GDP (current US$),2000,468395521654.458
IND,India,NY.GDP.MKTP.CD,GDP (current US$),2001,485440139204.171
IND,India,NY.GDP.MKTP.CD,GDP (current US$),2002,514939140318.756
IND,India,NY.GDP.MKTP.CD,GDP (current US$),2003,607700687237.318
IND,India,NY.GDP.MKTP.CD,GDP (current US$),2004,709152728830.775
IND,India,NY.GDP.MKTP.CD,GDP (current US$),2005,820383763511.445
IND,India,NY.GDP.MKTP.CD,GDP (current US$),2006,940259888787.721
IND,India,NY.GDP.MKTP.CD,GDP (current US$),2007,1216736438834.96
IND,India,NY.GDP.MKTP.CD,GDP (current US$),2008,1198895139005.92
IND,India,NY.GDP.MKTP.CD,GDP (current US$),2009,1341888016994.9
IND,India,NY.GDP.MKTP.CD,GDP (current US$),2010,1675615519484.96
IND,India,NY.GDP.MKTP.CD,GDP (current US$),2011,1823051829894.55
IND,India,NY.GDP.MKTP.CD,GDP (current US$),2012,1827637590410.41
IND,India,NY.GDP.MKTP.CD,GDP (current US$),2013,1856721507621.58
IND,India,NY.GDP.MKTP.CD,GDP (current US$),2014,2039126479154.52
IND,India,NY.GDP.MKTP.CD,GDP (current US$),2015,2103588360044.94
IND,India,NY.GDP.MKTP.CD,GDP (current US$),2016,2294796885663.16
IND,India,NY.GDP.MKTP.CD,GDP (current US$),2017,2651474262755.45
IND,India,NY.GDP.MKTP.CD,GDP (current US$),2018,2702929641648.74
IND,India,NY.GDP.MKTP.CD,GDP (current US$),2019,2835606256558.19
IND,India,NY.GDP.MKTP.CD,GDP (current US$),2020,2674851578587.27
IND,India,NY.GDP.MKTP.CD,GDP (current US$),2021,3167270623260.47
IND,India,NY.GDP.MKTP.CD,GDP (current US$),2022,3346107287730.93
IND,India,NY.GDP.MKTP.CD,GDP (current US$),2023,3638489096033.86
JPN,Japan,NY.GDP.MKTP.CD,GDP (current US$),2000,4968359075956.59
JPN,Japan,NY.GDP.MKTP.CD,GDP (current US$),2001,4374711694090.87
JPN,Japan,NY.GDP.MKTP.CD,GDP (current US$),2002,4182846045873.61
JPN,Japan,NY.GDP.MKTP.CD,GDP (current US$),2003,4519561645253.53
JPN,Japan,NY.GDP.MKTP.CD,GDP (current US$),2004,4893116005656.56
JPN,Japan,NY.GDP.MKTP.CD,GDP (current US$),2005,4831467035389.8
JPN,Japan,NY.GDP.MKTP.CD,GDP (current US$),2006,4601663122649.92
JPN,Japan,NY.GDP.MKTP.CD,GDP (current US$),2007,4579750920354.81
JPN,Japan,NY.GDP.MKTP.CD,GDP (current US$),2008,5106679115127.3
JPN,Japan,NY.GDP.MKTP.CD,GDP (current US$),2009,5289493117993.89
JPN,Japan,NY.GDP.MKTP.CD,GDP (current US$),2010,5759071769013.11
JPN,Japan,NY.GDP.MKTP.CD,GDP (current US$),2011,6233147172341.35
JPN,Japan,NY.GDP.MKTP.CD,GDP (current US$),2012,6272362996105.03
JPN,Japan,NY.GDP.MKTP.CD,GDP (current US$),2013,5212328181166.18
JPN,Japan,NY.GDP.MKTP.CD,GDP (current US$),2014,4896994405353.29
JPN,Japan,NY.GDP.MKTP.CD,GDP (current US$),2015,4444930651964.18
JPN,Japan,NY.GDP.MKTP.CD,GDP (current US$),2016,5003677627544.24
JPN,Japan,NY.GDP.MKTP.CD,GDP (current US$),2017,4930837369151.42
JPN,Japan,NY.GDP.MKTP.CD,GDP (current US$),2018,5040880939324.86
JPN,Japan,NY.GDP.MKTP.CD,GDP (current US$),2019,5117993853016.51
JPN,Japan,NY.GDP.MKTP.CD,GDP (current US$),2020,5054068005376.28
JPN,Japan,NY.GDP.MKTP.CD,GDP (current US$),2021,5039148168861.22
JPN,Japan,NY.GDP.MKTP.CD,GDP (current US$),2022,4262463317796.53
JPN,Japan,NY.GDP.MKTP.CD,GDP (current US$),2023,4213167237905.83
USA,United States,NY.GDP.MKTP.CD,GDP (current US$),2000,10250947997000
USA,United States,NY.GDP.MKTP.CD,GDP (current US$),2001,10581929774000
USA,United States,NY.GDP.MKTP.CD,GDP (current US$),2002,10929112955000
USA,United States,NY.GDP.MKTP.CD,GDP (current US$),2003,11456442041000
USA,United States,NY.GDP.MKTP.CD,GDP (current US$),2004,12217193198000
USA,United States,NY.GDP.MKTP.CD,GDP (current US$),2005,13039199193000
USA,United States,NY.GDP.MKTP.CD,GDP (current US$),2006,13815586948000
USA,United States,NY.GDP.MKTP.CD,GDP (current US$),2007,14474226905000
USA,United States,NY.GDP.MKTP.CD,GDP (current US$),2008,14769857911000
USA,United States,NY.GDP.MKTP.CD,GDP (current US$),2009,14478064934000
USA,United States,NY.GDP.MKTP.CD,GDP (current US$),2010,15048964444000
USA,United States,NY.GDP.MKTP.CD,GDP (current US$),2011,15599728123000
USA,United States,NY.GDP.MKTP.CD,GDP (current US$),2012,16253972230000
USA,United States,NY.GDP.MKTP.CD,GDP (current US$),2013,16843190993000
USA,United States,NY.GDP.MKTP.CD,GDP (current US$),2014,17550680174000
USA,United States,NY.GDP.MKTP.CD,GDP (current US$),2015,18206020741000
USA,United States,NY.GDP.MKTP.CD,GDP (current US$),2016,18695110842000
USA,United States,NY.GDP.MKTP.CD,GDP (current US$),2017,19477336549000
USA,United States,NY.GDP.MKTP.CD,GDP (current US$),2018,20533057312000
USA,United States,NY.GDP.MKTP.CD,GDP (current US$),2019,21380976119000
USA,United States,NY.GDP.MKTP.CD,GDP (current US$),2020,21060473613000
USA,United States,NY.GDP.MKTP.CD,GDP (current US$),2021,23315080560000
USA,United States,NY.GDP.MKTP.CD,GDP (current US$),2022,25604848907611
USA,United States,NY.GDP.MKTP.CD,GDP (current US$),2023,27292170793214.4
BRA,Brazil,NY.GDP.PCAP.CD,GDP per capita (current US$),2000,3766.54786339835
BRA,Brazil,NY.GDP.PCAP.CD,GDP per capita (current US$),2001,3176.28975052524
BRA,Brazil,NY.GDP.PCAP.CD,GDP per capita (current US$),2002,2855.94017137049
BRA,Brazil,NY.GDP.PCAP.CD,GDP per capita (current US$),2003,3090.6068907839
BRA,Brazil,NY.GDP.PCAP.CD,GDP per capita (current US$),2004,3663.82262497811
BRA,Brazil,NY.GDP.PCAP.CD,GDP per capita (current US$),2005,4827.78165890291
BRA,Brazil,NY.GDP.PCAP.CD,GDP per capita (current US$),2006,5934.14561857454
BRA,Brazil,NY.GDP.PCAP.CD,GDP per capita (current US$),2007,7409.69003822861
BRA,Brazil,NY.GDP.PCAP.CD,GDP per capita (current US$),2008,8908.33338467948
BRA,Brazil,NY.GDP.PCAP.CD,GDP per capita (current US$),2009,8678.6584730653
BRA,Brazil,NY.GDP.PCAP.CD,GDP per capita (current US$),2010,11403.2840038694
BRA,Brazil,NY.GDP.PCAP.CD,GDP per capita (current US$),2011,13396.6263158041
BRA,Brazil,NY.GDP.PCAP.CD,GDP per capita (current US$),2012,12521.7238454434
BRA,Brazil,NY.GDP.PCAP.CD,GDP per capita (current US$),2013,12458.8903396625
BRA,Brazil,NY.GDP.PCAP.CD,GDP per capita (current US$),2014,12274.9941630213
BRA,Brazil,NY.GDP.PCAP.CD,GDP per capita (current US$),2015,8936.1955889444
BRA,Brazil,NY.GDP.PCAP.CD,GDP per capita (current US$),2016,8836.28546025694
BRA,Brazil,NY.GDP.PCAP.CD,GDP per capita (current US$),2017,10080.5078722821
BRA,Brazil,NY.GDP.PCAP.CD,GDP per capita (current US$),2018,9300.66072904004
BRA,Brazil,NY.GDP.PCAP.CD,GDP per capita (current US$),2019,9029.83304401079
BRA,Brazil,NY.GDP.PCAP.CD,GDP per capita (current US$),2020,7074.19407495707
BRA,Brazil,NY.GDP.PCAP.CD,GDP per capita (current US$),2021,7972.53696080695
BRA,Brazil,NY.GDP.PCAP.CD,GDP per capita (current US$),2022,9281.33282136864
BRA,Brazil,NY.GDP.PCAP.CD,GDP per capita (current US$),2023,10377.5897719195
CHN,China,NY.GDP.PCAP.CD,GDP per capita (current US$),2000,969.199513696287
CHN,China,NY.GDP.PCAP.CD,GDP per capita (current US$),2001,1065.40597574519
CHN,China,NY.GDP.PCAP.CD,GDP per capita (current US$),2002,1163.55957673426
CHN,China,NY.GDP.PCAP.CD,GDP per capita (current US$),2003,1306.97245408557
CHN,China,NY.GDP.PCAP.CD,GDP per capita (current US$),2004,1530.92726215723
CHN,China,NY.GDP.PCAP.CD,GDP per capita (current US$),2005,1777.64496828464
CHN,China,NY.GDP.PCAP.CD,GDP per capita (current US$),2006,2129.25696999613
CHN,China,NY.GDP.PCAP.CD,GDP per capita (current US$),2007,2734.72709877693
CHN,China,NY.GDP.PCAP.CD,GDP per capita (current US$),2008,3523.44302065213
CHN,China,NY.GDP.PCAP.CD,GDP per capita (current US$),2009,3898.24459158811
CHN,China,NY.GDP.PCAP.CD,GDP per capita (current US$),2010,4629.24551710077
CHN,China,NY.GDP.PCAP.CD,GDP per capita (current US$),2011,5703.76027973346
CHN,China,NY.GDP.PCAP.CD,GDP per capita (current US$),2012,6405.0574241349
CHN,China,NY.GDP.PCAP.CD,GDP per capita (current US$),2013,7147.03518622344
CHN,China,NY.GDP.PCAP.CD,GDP per capita (current US$),2014,7781.06597484974
CHN,China,NY.GDP.PCAP.CD,GDP per capita (current US$),2015,8175.33285077393
CHN,China,NY.GDP.PCAP.CD,GDP per capita (current US$),2016,8254.86859320357
CHN,China,NY.GDP.PCAP.CD,GDP per capita (current US$),2017,8979.67652709856
CHN,China,NY.GDP.PCAP.CD,GDP per capita (current US$),2018,10085.6638148819
CHN,China,NY.GDP.PCAP.CD,GDP per capita (current US$),2019,10342.9009524335
CHN,China,NY.GDP.PCAP.CD,GDP per capita (current US$),2020,10627.4637989619
CHN,China,NY.GDP.PCAP.CD,GDP per capita (current US$),2021,12887.4357242941
CHN,China,NY.GDP.PCAP.CD,GDP per capita (current US$),2022,12970.6056414327
CHN,China,NY.GDP.PCAP.CD,GDP per capita (current US$),2023,12951.1782397043
DEU,Germany,NY.GDP.PCAP.CD,GDP per capita (current US$),2000,23925.8559901991
DEU,Germany,NY.GDP.PCAP.CD,GDP per capita (current US$),2001,23878.3641471651
DEU,Germany,NY.GDP.PCAP.CD,GDP per capita (current US$),2002,25486.5942008748
DEU,Germany,NY.GDP.PCAP.CD,GDP per capita (current US$),2003,30711.1022511331
DEU,Germany,NY.GDP.PCAP.CD,GDP per capita (current US$),2004,34566.7359143735
DEU,Germany,NY.GDP.PCAP.CD,GDP per capita (current US$),2005,35084.4363546269
DEU,Germany,NY.GDP.PCAP.CD,GDP per capita (current US$),2006,36980.3349948954
DEU,Germany,NY.GDP.PCAP.CD,GDP per capita (current US$),2007,42350.9217211489
DEU,Germany,NY.GDP.PCAP.CD,GDP per capita (current US$),2008,46379.1647953479
DEU,Germany,NY.GDP.PCAP.CD,GDP per capita (current US$),2009,42471.8868625226
DEU,Germany,NY.GDP.PCAP.CD,GDP per capita (current US$),2010,42396.9665976293
DEU,Germany,NY.GDP.PCAP.CD,GDP per capita (current US$),2011,47630.9761883572
DEU,Germany,NY.GDP.PCAP.CD,GDP per capita (current US$),2012,44718.0159214069
DEU,Germany,NY.GDP.PCAP.CD,GDP per capita (current US$),2013,47206.8353514242
DEU,Germany,NY.GDP.PCAP.CD,GDP per capita (current US$),2014,48959.5991203133
DEU,Germany,NY.GDP.PCAP.CD,GDP per capita (current US$),2015,41929.7549110722
DEU,Germany,NY.GDP.PCAP.CD,GDP per capita (current US$),2016,42948.9381932694
DEU,Germany,NY.GDP.PCAP.CD,GDP per capita (current US$),2017,45553.9341495339
DEU,Germany,NY.GDP.PCAP.CD,GDP per capita (current US$),2018,48916.1686612154
DEU,Germany,NY.GDP.PCAP.CD,GDP per capita (current US$),2019,47656.199739747
DEU,Germany,NY.GDP.PCAP.CD,GDP per capita (current US$),2020,47394.8734504469
DEU,Germany,NY.GDP.PCAP.CD,GDP per capita (current US$),2021,52349.2459994422
DEU,Germany,NY.GDP.PCAP.CD,GDP per capita (current US$),2022,50506.5179638543
DEU,Germany,NY.GDP.PCAP.CD,GDP per capita (current US$),2023,54776.7668235491
IND,India,NY.GDP.PCAP.CD,GDP per capita (current US$),2000,442.750218937263
IND,India,NY.GDP.PCAP.CD,GDP per capita (current US$),2001,450.357900514128
IND,India,NY.GDP.PCAP.CD,GDP per capita (current US$),2002,469.149928973927
IND,India,NY.GDP.PCAP.CD,GDP per capita (current US$),2003,544.143133545002
IND,India,NY.GDP.PCAP.CD,GDP per capita (current US$),2004,624.258826510066
IND,India,NY.GDP.PCAP.CD,GDP per capita (current US$),2005,710.488080408949
IND,India,NY.GDP.PCAP.CD,GDP per capita (current US$),2006,801.668353659022
IND,India,NY.GDP.PCAP.CD,GDP per capita (current US$),2007,1021.88707706826
IND,India,NY.GDP.PCAP.CD,GDP per capita (current US$),2008,992.519584923828
IND,India,NY.GDP.PCAP.CD,GDP per capita (current US$),2009,1094.94974598436
IND,India,NY.GDP.PCAP.CD,GDP per capita (current US$),2010,1347.51939071367
IND,India,NY.GDP.PCAP.CD,GDP per capita (current US$),2011,1445.46127486037
IND,India,NY.GDP.PCAP.CD,GDP per capita (current US$),2012,1429.32199520032
IND,India,NY.GDP.PCAP.CD,GDP per capita (current US$),2013,1432.84397512195
IND,India,NY.GDP.PCAP.CD,GDP per capita (current US$),2014,1553.88396075118
IND,India,NY.GDP.PCAP.CD,GDP per capita (current US$),2015,1583.99815907985
IND,India,NY.GDP.PCAP.CD,GDP per capita (current US$),2016,1707.50892912243
IND,India,NY.GDP.PCAP.CD,GDP per capita (current US$),2017,1950.10468280866
IND,India,NY.GDP.PCAP.CD,GDP per capita (current US$),2018,1966.25455171679
IND,India,NY.GDP.PCAP.CD,GDP per capita (current US$),2019,2041.42863698585
IND,India,NY.GDP.PCAP.CD,GDP per capita (current US$),2020,1907.04251637669
IND,India,NY.GDP.PCAP.CD,GDP per capita (current US$),2021,2239.61384367482
IND,India,NY.GDP.PCAP.CD,GDP per capita (current US$),2022,2347.44829434623
IND,India,NY.GDP.PCAP.CD,GDP per capita (current US$),2023,2530.12031278204
JPN,Japan,NY.GDP.PCAP.CD,GDP per capita (current US$),2000,39169.3595701504
JPN,Japan,NY.GDP.PCAP.CD,GDP per capita (current US$),2001,34406.1824638092
JPN,Japan,NY.GDP.PCAP.CD,GDP per capita (current US$),2002,32820.7936433254
JPN,Japan,NY.GDP.PCAP.CD,GDP per capita (current US$),2003,35387.0374203599
JPN,Japan,NY.GDP.PCAP.CD,GDP per capita (current US$),2004,38298.9801712303
JPN,Japan,NY.GDP.PCAP.CD,GDP per capita (current US$),2005,37812.8950199948
JPN,Japan,NY.GDP.PCAP.CD,GDP per capita (current US$),2006,35991.546002862
JPN,Japan,NY.GDP.PCAP.CD,GDP per capita (current US$),2007,35779.0245416427
JPN,Japan,NY.GDP.PCAP.CD,GDP per capita (current US$),2008,39876.3039685725
JPN,Japan,NY.GDP.PCAP.CD,GDP per capita (current US$),2009,41308.9968370512
JPN,Japan,NY.GDP.PCAP.CD,GDP per capita (current US$),2010,44968.1562349739
JPN,Japan,NY.GDP.PCAP.CD,GDP per capita (current US$),2011,48760.0789494211
JPN,Japan,NY.GDP.PCAP.CD,GDP per capita (current US$),2012,49145.2804308193
JPN,Japan,NY.GDP.PCAP.CD,GDP per capita (current US$),2013,40898.6478964744
JPN,Japan,NY.GDP.PCAP.CD,GDP per capita (current US$),2014,38475.3952461838
JPN,Japan,NY.GDP.PCAP.CD,GDP per capita (current US$),2015,34960.6393843385
JPN,Japan,NY.GDP.PCAP.CD,GDP per capita (current US$),2016,39375.4731620781
JPN,Japan,NY.GDP.PCAP.CD,GDP per capita (current US$),2017,38834.0529341227
JPN,Japan,NY.GDP.PCAP.CD,GDP per capita (current US$),2018,39751.1330982711
JPN,Japan,NY.GDP.PCAP.CD,GDP per capita (current US$),2019,40415.9567649547
JPN,Japan,NY.GDP.PCAP.CD,GDP per capita (current US$),2020,40028.7341726762
JPN,Japan,NY.GDP.PCAP.CD,GDP per capita (current US$),2021,40094.5599795288
JPN,Japan,NY.GDP.PCAP.CD,GDP per capita (current US$),2022,34065.6438962526
JPN,Japan,NY.GDP.PCAP.CD,GDP per capita (current US$),2023,33836.1756271617
USA,United States,NY.GDP.PCAP.CD,GDP per capita (current US$),2000,36329.9560727102
USA,United States,NY.GDP.PCAP.CD,GDP per capita (current US$),2001,37133.623113437
USA,United States,NY.GDP.PCAP.CD,GDP per capita (current US$),2002,37997.7596573051
USA,United States,NY.GDP.PCAP.CD,GDP per capita (current US$),2003,39490.2749557007
USA,United States,NY.GDP.PCAP.CD,GDP per capita (current US$),2004,41724.6316287624
USA,United States,NY.GDP.PCAP.CD,GDP per capita (current US$),2005,44123.4070679055
USA,United States,NY.GDP.PCAP.CD,GDP per capita (current US$),2006,46302.0008800056
USA,United States,NY.GDP.PCAP.CD,GDP per capita (current US$),2007,48050.2237771135
USA,United States,NY.GDP.PCAP.CD,GDP per capita (current US$),2008,48570.0459804586
USA,United States,NY.GDP.PCAP.CD,GDP per capita (current US$),2009,47194.9433547336
USA,United States,NY.GDP.PCAP.CD,GDP per capita (current US$),2010,48642.6100179312
USA,United States,NY.GDP.PCAP.CD,GDP per capita (current US$),2011,50024.868799398
USA,United States,NY.GDP.PCAP.CD,GDP per capita (current US$),2012,51708.4011556577
USA,United States,NY.GDP.PCAP.CD,GDP per capita (current US$),2013,53179.0127634561
USA,United States,NY.GDP.PCAP.CD,GDP per capita (current US$),2014,54973.4207515712
USA,United States,NY.GDP.PCAP.CD,GDP per capita (current US$),2015,56572.9188996063
USA,United States,NY.GDP.PCAP.CD,GDP per capita (current US$),2016,57638.1018367192
USA,United States,NY.GDP.PCAP.CD,GDP per capita (current US$),2017,59635.0984397965
USA,United States,NY.GDP.PCAP.CD,GDP per capita (current US$),2018,62499.8744390068
USA,United States,NY.GDP.PCAP.CD,GDP per capita (current US$),2019,64746.4506778863
USA,United States,NY.GDP.PCAP.CD,GDP per capita (current US$),2020,63515.9491807833
USA,United States,NY.GDP.PCAP.CD,GDP per capita (current US$),2021,70205.050916026
USA,United States,NY.GDP.PCAP.CD,GDP per capita (current US$),2022,76657.2488844403
USA,United States,NY.GDP.PCAP.CD,GDP per capita (current US$),2023,81032.262117545
BRA,Brazil,SP.POP.TOTL,"Population, total",2000,174018282
BRA,Brazil,SP.POP.TOTL,"Population, total",2001,176301203
BRA,Brazil,SP.POP.TOTL,"Population, total",2002,178503484
BRA,Brazil,SP.POP.TOTL,"Population, total",2003,180622688
BRA,Brazil,SP.POP.TOTL,"Population, total",2004,182675143
BRA,Brazil,SP.POP.TOTL,"Population, total",2005,184688101
BRA,Brazil,SP.POP.TOTL,"Population, total",2006,186653106
BRA,Brazil,SP.POP.TOTL,"Population, total",2007,188552320
BRA,Brazil,SP.POP.TOTL,"Population, total",2008,190367302
BRA,Brazil,SP.POP.TOTL,"Population, total",2009,192079951
BRA,Brazil,SP.POP.TOTL,"Population, total",2010,193701929
BRA,Brazil,SP.POP.TOTL,"Population, total",2011,195284734
BRA,Brazil,SP.POP.TOTL,"Population, total",2012,196876111
BRA,Brazil,SP.POP.TOTL,"Population, total",2013,198478299
BRA,Brazil,SP.POP.TOTL,"Population, total",2014,200085127
BRA,Brazil,SP.POP.TOTL,"Population, total",2015,201675532
BRA,Brazil,SP.POP.TOTL,"Population, total",2016,203218114
BRA,Brazil,SP.POP.TOTL,"Population, total",2017,204703445
BRA,Brazil,SP.POP.TOTL,"Population, total",2018,206107261
BRA,Brazil,SP.POP.TOTL,"Population, total",2019,207455459
BRA,Brazil,SP.POP.TOTL,"Population, total",2020,208660842
BRA,Brazil,SP.POP.TOTL,"Population, total",2021,209550294
BRA,Brazil,SP.POP.TOTL,"Population, total",2022,210306415
BRA,Brazil,SP.POP.TOTL,"Population, total",2023,211140729
CHN,China,SP.POP.TOTL,"Population, total",2000,1262645000
CHN,China,SP.POP.TOTL,"Population, total",2001,1271850000
CHN,China,SP.POP.TOTL,"Population, total",2002,1280400000
CHN,China,SP.POP.TOTL,"Population, total",2003,1288400000
CHN,China,SP.POP.TOTL,"Population, total",2004,1296075000
CHN,China,SP.POP.TOTL,"Population, total",2005,1303720000
CHN,China,SP.POP.TOTL,"Population, total",2006,1311020000
CHN,China,SP.POP.TOTL,"Population, total",2007,1317885000
CHN,China,SP.POP.TOTL,"Population, total",2008,1324655000
CHN,China,SP.POP.TOTL,"Population, total",2009,1331260000
CHN,China,SP.POP.TOTL,"Population, total",2010,1337705000
CHN,China,SP.POP.TOTL,"Population, total",2011,1345035000
CHN,China,SP.POP.TOTL,"Population, total",2012,1354190000
CHN,China,SP.POP.TOTL,"Population, total",2013,1363240000
CHN,China,SP.POP.TOTL,"Population, total",2014,1371860000
CHN,China,SP.POP.TOTL,"Population, total",2015,1379860000
CHN,China,SP.POP.TOTL,"Population, total",2016,1387790000
CHN,China,SP.POP.TOTL,"Population, total",2017,1396215000
CHN,China,SP.POP.TOTL,"Population, total",2018,1402760000
CHN,China,SP.POP.TOTL,"Population, total",2019,1407745000
CHN,China,SP.POP.TOTL,"Population, total",2020,1411100000
CHN,China,SP.POP.TOTL,"Population, total",2021,1412360000
CHN,China,SP.POP.TOTL,"Population, total",2022,1412175000
CHN,China,SP.POP.TOTL,"Population, total",2023,1410710000
DEU,Germany,SP.POP.TOTL,"Population, total",2000,82211508
DEU,Germany,SP.POP.TOTL,"Population, total",2001,82349925
DEU,Germany,SP.POP.TOTL,"Population, total",2002,82488495
DEU,Germany,SP.POP.TOTL,"Population, total",2003,82534176
DEU,Germany,SP.POP.TOTL,"Population, total",2004,82516260
DEU,Germany,SP.POP.TOTL,"Population, total",2005,82469422
DEU,Germany,SP.POP.TOTL,"Population, total",2006,82376451
DEU,Germany,SP.POP.TOTL,"Population, total",2007,82266372
DEU,Germany,SP.POP.TOTL,"Population, total",2008,82110097
DEU,Germany,SP.POP.TOTL,"Population, total",2009,81902307
DEU,Germany,SP.POP.TOTL,"Population, total",2010,81776930
DEU,Germany,SP.POP.TOTL,"Population, total",2011,80274983
DEU,Germany,SP.POP.TOTL,"Population, total",2012,80425823
DEU,Germany,SP.POP.TOTL,"Population, total",2013,80645605
DEU,Germany,SP.POP.TOTL,"Population, total",2014,80982500
DEU,Germany,SP.POP.TOTL,"Population, total",2015,81686611
DEU,Germany,SP.POP.TOTL,"Population, total",2016,82348669
DEU,Germany,SP.POP.TOTL,"Population, total",2017,82657002
DEU,Germany,SP.POP.TOTL,"Population, total",2018,82905782
DEU,Germany,SP.POP.TOTL,"Population, total",2019,83092962
DEU,Germany,SP.POP.TOTL,"Population, total",2020,83160871
DEU,Germany,SP.POP.TOTL,"Population, total",2021,83196078
DEU,Germany,SP.POP.TOTL,"Population, total",2022,83177813
DEU,Germany,SP.POP.TOTL,"Population, total",2023,83287273
IND,India,SP.POP.TOTL,"Population, total",2000,1057922733
IND,India,SP.POP.TOTL,"Population, total",2001,1077898575
IND,India,SP.POP.TOTL,"Population, total",2002,1097600380
IND,India,SP.POP.TOTL,"Population, total",2003,1116803006
IND,India,SP.POP.TOTL,"Population, total",2004,1135991513
IND,India,SP.POP.TOTL,"Population, total",2005,1154676322
IND,India,SP.POP.TOTL,"Population, total",2006,1172878890
IND,India,SP.POP.TOTL,"Population, total",2007,1190676021
IND,India,SP.POP.TOTL,"Population, total",2008,1207930964
IND,India,SP.POP.TOTL,"Population, total",2009,1225524753
IND,India,SP.POP.TOTL,"Population, total",2010,1243481564
IND,India,SP.POP.TOTL,"Population, total",2011,1261224954
IND,India,SP.POP.TOTL,"Population, total",2012,1278674502
IND,India,SP.POP.TOTL,"Population, total",2013,1295829511
IND,India,SP.POP.TOTL,"Population, total",2014,1312277191
IND,India,SP.POP.TOTL,"Population, total",2015,1328024498
IND,India,SP.POP.TOTL,"Population, total",2016,1343944296
IND,India,SP.POP.TOTL,"Population, total",2017,1359657400
IND,India,SP.POP.TOTL,"Population, total",2018,1374659064
IND,India,SP.POP.TOTL,"Population, total",2019,1389030312
IND,India,SP.POP.TOTL,"Population, total",2020,1402617695
IND,India,SP.POP.TOTL,"Population, total",2021,1414203896
IND,India,SP.POP.TOTL,"Population, total",2022,1425423212
IND,India,SP.POP.TOTL,"Population, total",2023,1438069596
JPN,Japan,SP.POP.TOTL,"Population, total",2000,126843000
JPN,Japan,SP.POP.TOTL,"Population, total",2001,127149000
JPN,Japan,SP.POP.TOTL,"Population, total",2002,127445000
JPN,Japan,SP.POP.TOTL,"Population, total",2003,127718000
JPN,Japan,SP.POP.TOTL,"Population, total",2004,127761000
JPN,Japan,SP.POP.TOTL,"Population, total",2005,127773000
JPN,Japan,SP.POP.TOTL,"Population, total",2006,127854000
JPN,Japan,SP.POP.TOTL,"Population, total",2007,128001000
JPN,Japan,SP.POP.TOTL,"Population, total",2008,128063000
JPN,Japan,SP.POP.TOTL,"Population, total",2009,128047000
JPN,Japan,SP.POP.TOTL,"Population, total",2010,128070000
JPN,Japan,SP.POP.TOTL,"Population, total",2011,127833000
JPN,Japan,SP.POP.TOTL,"Population, total",2012,127629000
JPN,Japan,SP.POP.TOTL,"Population, total",2013,127445000
JPN,Japan,SP.POP.TOTL,"Population, total",2014,127276000
JPN,Japan,SP.POP.TOTL,"Population, total",2015,127141000
JPN,Japan,SP.POP.TOTL,"Population, total",2016,127076000
JPN,Japan,SP.POP.TOTL,"Population, total",2017,126972000
JPN,Japan,SP.POP.TOTL,"Population, total",2018,126811000
JPN,Japan,SP.POP.TOTL,"Population, total",2019,126633000
JPN,Japan,SP.POP.TOTL,"Population, total",2020,126261000
JPN,Japan,SP.POP.TOTL,"Population, total",2021,125681593
JPN,Japan,SP.POP.TOTL,"Population, total",2022,125124989
JPN,Japan,SP.POP.TOTL,"Population, total",2023,124516650
USA,United States,SP.POP.TOTL,"Population, total",2000,282162411
USA,United States,SP.POP.TOTL,"Population, total",2001,284968955
USA,United States,SP.POP.TOTL,"Population, total",2002,287625193
USA,United States,SP.POP.TOTL,"Population, total",2003,290107933
USA,United States,SP.POP.TOTL,"Population, total",2004,292805298
USA,United States,SP.POP.TOTL,"Population, total",2005,295516599
USA,United States,SP.POP.TOTL,"Population, total",2006,298379912
USA,United States,SP.POP.TOTL,"Population, total",2007,301231207
USA,United States,SP.POP.TOTL,"Population, total",2008,304093966
USA,United States,SP.POP.TOTL,"Population, total",2009,306771529
USA,United States,SP.POP.TOTL,"Population, total",2010,309378227
USA,United States,SP.POP.TOTL,"Population, total",2011,311839461
USA,United States,SP.POP.TOTL,"Population, total",2012,314339099
USA,United States,SP.POP.TOTL,"Population, total",2013,316726282
USA,United States,SP.POP.TOTL,"Population, total",2014,319257560
USA,United States,SP.POP.TOTL,"Population, total",2015,321815121
USA,United States,SP.POP.TOTL,"Population, total",2016,324353340
USA,United States,SP.POP.TOTL,"Population, total",2017,326608609
USA,United States,SP.POP.TOTL,"Population, total",2018,328529577
USA,United States,SP.POP.TOTL,"Population, total",2019,330226227
USA,United States,SP.POP.TOTL,"Population, total",2020,331577720
USA,United States,SP.POP.TOTL,"Population, total",2021,332099760
USA,United States,SP.POP.TOTL,"Population, total",2022,334017321
USA,United States,SP.POP.TOTL,"Population, total",2023,336806231
BRA,Brazil,SP.URB.TOTL.IN.ZS,Urban population (% of total),2000,81.1484365423806
BRA,Brazil,SP.URB.TOTL.IN.ZS,Urban population (% of total),2001,81.5960450621957
BRA,Brazil,SP.URB.TOTL.IN.ZS,Urban population (% of total),2002,81.9943491502673
BRA,Brazil,SP.URB.TOTL.IN.ZS,Urban population (% of total),2003,82.3540335841671
BRA,Brazil,SP.URB.TOTL.IN.ZS,Urban population (% of total),2004,82.6816824814559
BRA,Brazil,SP.URB.TOTL.IN.ZS,Urban population (% of total),2005,82.9838799596945
BRA,Brazil,SP.URB.TOTL.IN.ZS,Urban population (% of total),2006,83.2672101364439
BRA,Brazil,SP.URB.TOTL.IN.ZS,Urban population (% of total),2007,83.5382571292649
BRA,Brazil,SP.URB.TOTL.IN.ZS,Urban population (% of total),2008,83.8036050557184
BRA,Brazil,SP.URB.TOTL.IN.ZS,Urban population (% of total),2009,84.0698380333651
BRA,Brazil,SP.URB.TOTL.IN.ZS,Urban population (% of total),2010,84.343846036308
BRA,Brazil,SP.URB.TOTL.IN.ZS,Urban population (% of total),2011,84.6225758599683
BRA,Brazil,SP.URB.TOTL.IN.ZS,Urban population (% of total),2012,84.8973874181312
BRA,Brazil,SP.URB.TOTL.IN.ZS,Urban population (% of total),2013,85.1676585442726
BRA,Brazil,SP.URB.TOTL.IN.ZS,Urban population (% of total),2014,85.4331367898168
BRA,Brazil,SP.URB.TOTL.IN.ZS,Urban population (% of total),2015,85.6935697061881
BRA,Brazil,SP.URB.TOTL.IN.ZS,Urban population (% of total),2016,85.9487048448108
BRA,Brazil,SP.URB.TOTL.IN.ZS,Urban population (% of total),2017,86.1982897571091
BRA,Brazil,SP.URB.TOTL.IN.ZS,Urban population (% of total),2018,86.4420719945072
BRA,Brazil,SP.URB.TOTL.IN.ZS,Urban population (% of total),2019,86.6797991084296
BRA,Brazil,SP.URB.TOTL.IN.ZS,Urban population (% of total),2020,86.9112186503004
BRA,Brazil,SP.URB.TOTL.IN.ZS,Urban population (% of total),2021,87.1360781715439
BRA,Brazil,SP.URB.TOTL.IN.ZS,Urban population (% of total),2022,87.349556243881
BRA,Brazil,SP.URB.TOTL.IN.ZS,Urban population (% of total),2023,87.6159710235763
CHN,China,SP.URB.TOTL.IN.ZS,Urban population (% of total),2000,36.4320234662299
CHN,China,SP.URB.TOTL.IN.ZS,Urban population (% of total),2001,37.6597442626953
CHN,China,SP.URB.TOTL.IN.ZS,Urban population (% of total),2002,39.0897827148438
CHN,China,SP.URB.TOTL.IN.ZS,Urban population (% of total),2003,40.5302314758301
CHN,China,SP.URB.TOTL.IN.ZS,Urban population (% of total),2004,41.7600135803223
CHN,China,SP.URB.TOTL.IN.ZS,Urban population (% of total),2005,42.9899978637695
CHN,China,SP.URB.TOTL.IN.ZS,Urban population (% of total),2006,44.3430099487305
CHN,China,SP.URB.TOTL.IN.ZS,Urban population (% of total),2007,45.8892440795898
CHN,China,SP.URB.TOTL.IN.ZS,Urban population (% of total),2008,46.9895057678223
CHN,China,SP.URB.TOTL.IN.ZS,Urban population (% of total),2009,48.3417053222656
CHN,China,SP.URB.TOTL.IN.ZS,Urban population (% of total),2010,49.2340270628041
CHN,China,SP.URB.TOTL.IN.ZS,Urban population (% of total),2011,51.8300285339355
CHN,China,SP.URB.TOTL.IN.ZS,Urban population (% of total),2012,53.1003112792969
CHN,China,SP.URB.TOTL.IN.ZS,Urban population (% of total),2013,54.4900016784668
CHN,China,SP.URB.TOTL.IN.ZS,Urban population (% of total),2014,55.7502555847168
CHN,China,SP.URB.TOTL.IN.ZS,Urban population (% of total),2015,57.3297843933105
CHN,China,SP.URB.TOTL.IN.ZS,Urban population (% of total),2016,58.8399238586426
CHN,China,SP.URB.TOTL.IN.ZS,Urban population (% of total),2017,60.2402687072754
CHN,China,SP.URB.TOTL.IN.ZS,Urban population (% of total),2018,61.5001983642578
CHN,China,SP.URB.TOTL.IN.ZS,Urban population (% of total),2019,62.7099151611328
CHN,China,SP.URB.TOTL.IN.ZS,Urban population (% of total),2020,63.5234230266258
CHN,China,SP.URB.TOTL.IN.ZS,Urban population (% of total),2021,64.721076965332
CHN,China,SP.URB.TOTL.IN.ZS,Urban population (% of total),2022,65.2176361083984
CHN,China,SP.URB.TOTL.IN.ZS,Urban population (% of total),2023,65.5301448035523
DEU,Germany,SP.URB.TOTL.IN.ZS,Urban population (% of total),2000,80.0942160905637
DEU,Germany,SP.URB.TOTL.IN.ZS,Urban population (% of total),2001,80.1070808273695
DEU,Germany,SP.URB.TOTL.IN.ZS,Urban population (% of total),2002,80.1213973750556
DEU,Germany,SP.URB.TOTL.IN.ZS,Urban population (% of total),2003,80.1373116303862
DEU,Germany,SP.URB.TOTL.IN.ZS,Urban population (% of total),2004,80.1549694901257
DEU,Germany,SP.URB.TOTL.IN.ZS,Urban population (% of total),2005,80.1745168510383
DEU,Germany,SP.URB.TOTL.IN.ZS,Urban population (% of total),2006,80.1960996098884
DEU,Germany,SP.URB.TOTL.IN.ZS,Urban population (% of total),2007,80.2198636634402
DEU,Germany,SP.URB.TOTL.IN.ZS,Urban population (% of total),2008,80.2459549084581
DEU,Germany,SP.URB.TOTL.IN.ZS,Urban population (% of total),2009,80.2745192417062
DEU,Germany,SP.URB.TOTL.IN.ZS,Urban population (% of total),2010,80.305702559949
DEU,Germany,SP.URB.TOTL.IN.ZS,Urban population (% of total),2011,80.3405762928198
DEU,Germany,SP.URB.TOTL.IN.ZS,Urban population (% of total),2012,80.393447520218
DEU,Germany,SP.URB.TOTL.IN.ZS,Urban population (% of total),2013,80.4732318400362
DEU,Germany,SP.URB.TOTL.IN.ZS,Urban population (% of total),2014,80.57574023743
DEU,Germany,SP.URB.TOTL.IN.ZS,Urban population (% of total),2015,80.6974371632814
DEU,Germany,SP.URB.TOTL.IN.ZS,Urban population (% of total),2016,80.8347870684725
DEU,Germany,SP.URB.TOTL.IN.ZS,Urban population (% of total),2017,80.9842544038853
DEU,Germany,SP.URB.TOTL.IN.ZS,Urban population (% of total),2018,81.1423036204018
DEU,Germany,SP.URB.TOTL.IN.ZS,Urban population (% of total),2019,81.3053991689039
DEU,Germany,SP.URB.TOTL.IN.ZS,Urban population (% of total),2020,81.4700055002738
DEU,Germany,SP.URB.TOTL.IN.ZS,Urban population (% of total),2021,81.6325870653934
DEU,Germany,SP.URB.TOTL.IN.ZS,Urban population (% of total),2022,81.7867852780995
DEU,Germany,SP.URB.TOTL.IN.ZS,Urban population (% of total),2023,81.9034366692129
IND,India,SP.URB.TOTL.IN.ZS,Urban population (% of total),2000,27.6470407512523
IND,India,SP.URB.TOTL.IN.ZS,Urban population (% of total),2001,27.9028652096636
IND,India,SP.URB.TOTL.IN.ZS,Urban population (% of total),2002,28.1756878910456
IND,India,SP.URB.TOTL.IN.ZS,Urban population (% of total),2003,28.4660287698
IND,India,SP.URB.TOTL.IN.ZS,Urban population (% of total),2004,28.7726067228528
IND,India,SP.URB.TOTL.IN.ZS,Urban population (% of total),2005,29.0945497159107
IND,India,SP.URB.TOTL.IN.ZS,Urban population (% of total),2006,29.4309857146804
IND,India,SP.URB.TOTL.IN.ZS,Urban population (% of total),2007,29.7810426848684
IND,India,SP.URB.TOTL.IN.ZS,Urban population (% of total),2008,30.1438485921815
IND,India,SP.URB.TOTL.IN.ZS,Urban population (% of total),2009,30.5185314023263
IND,India,SP.URB.TOTL.IN.ZS,Urban population (% of total),2010,30.9042190810094
IND,India,SP.URB.TOTL.IN.ZS,Urban population (% of total),2011,31.2746502853309
IND,India,SP.URB.TOTL.IN.ZS,Urban population (% of total),2012,31.5898935604399
IND,India,SP.URB.TOTL.IN.ZS,Urban population (% of total),2013,31.9096789235237
IND,India,SP.URB.TOTL.IN.ZS,Urban population (% of total),2014,32.2288233408821
IND,India,SP.URB.TOTL.IN.ZS,Urban population (% of total),2015,32.5472990022299
IND,India,SP.URB.TOTL.IN.ZS,Urban population (% of total),2016,32.8650780972823
IND,India,SP.URB.TOTL.IN.ZS,Urban population (% of total),2017,33.1821328157539
IND,India,SP.URB.TOTL.IN.ZS,Urban population (% of total),2018,33.4984353473598
IND,India,SP.URB.TOTL.IN.ZS,Urban population (% of total),2019,33.8139578818147
IND,India,SP.URB.TOTL.IN.ZS,Urban population (% of total),2020,34.1286726088333
IND,India,SP.URB.TOTL.IN.ZS,Urban population (% of total),2021,34.4425517181304
IND,India,SP.URB.TOTL.IN.ZS,Urban population (% of total),2022,34.7555673994206
IND,India,SP.URB.TOTL.IN.ZS,Urban population (% of total),2023,35.0676918424186
JPN,Japan,SP.URB.TOTL.IN.ZS,Urban population (% of total),2000,78.6126803295375
JPN,Japan,SP.URB.TOTL.IN.ZS,Urban population (% of total),2001,79.1577482060887
JPN,Japan,SP.URB.TOTL.IN.ZS,Urban population (% of total),2002,80.5469860733981
JPN,Japan,SP.URB.TOTL.IN.ZS,Urban population (% of total),2003,82.4206778416671
JPN,Japan,SP.URB.TOTL.IN.ZS,Urban population (% of total),2004,84.3710541898905
JPN,Japan,SP.URB.TOTL.IN.ZS,Urban population (% of total),2005,85.9573620483714
JPN,Japan,SP.URB.TOTL.IN.ZS,Urban population (% of total),2006,87.1460898958075
JPN,Japan,SP.URB.TOTL.IN.ZS,Urban population (% of total),2007,88.2701404492656
JPN,Japan,SP.URB.TOTL.IN.ZS,Urban population (% of total),2008,89.2921563808851
JPN,Japan,SP.URB.TOTL.IN.ZS,Urban population (% of total),2009,90.1131158718189
JPN,Japan,SP.URB.TOTL.IN.ZS,Urban population (% of total),2010,90.6228586840649
JPN,Japan,SP.URB.TOTL.IN.ZS,Urban population (% of total),2011,90.8631654434251
JPN,Japan,SP.URB.TOTL.IN.ZS,Urban population (% of total),2012,91.0265277326652
JPN,Japan,SP.URB.TOTL.IN.ZS,Urban population (% of total),2013,91.1516595654317
JPN,Japan,SP.URB.TOTL.IN.ZS,Urban population (% of total),2014,91.2548945132333
JPN,Japan,SP.URB.TOTL.IN.ZS,Urban population (% of total),2015,91.3532644103625
JPN,Japan,SP.URB.TOTL.IN.ZS,Urban population (% of total),2016,91.4541254852142
JPN,Japan,SP.URB.TOTL.IN.ZS,Urban population (% of total),2017,91.5498419685883
JPN,Japan,SP.URB.TOTL.IN.ZS,Urban population (% of total),2018,91.6377318609728
JPN,Japan,SP.URB.TOTL.IN.ZS,Urban population (% of total),2019,91.7164207898107
JPN,Japan,SP.URB.TOTL.IN.ZS,Urban population (% of total),2020,91.7809926267889
JPN,Japan,SP.URB.TOTL.IN.ZS,Urban population (% of total),2021,91.8741049279527
JPN,Japan,SP.URB.TOTL.IN.ZS,Urban population (% of total),2022,91.9776532428406
JPN,Japan,SP.URB.TOTL.IN.ZS,Urban population (% of total),2023,92.0826903891473
USA,United States,SP.URB.TOTL.IN.ZS,Urban population (% of total),2000,79.0740897861327
USA,United States,SP.URB.TOTL.IN.ZS,Urban population (% of total),2001,79.3086223667912
USA,United States,SP.URB.TOTL.IN.ZS,Urban population (% of total),2002,79.5461039768657
USA,United States,SP.URB.TOTL.IN.ZS,Urban population (% of total),2003,79.7773350255284
USA,United States,SP.URB.TOTL.IN.ZS,Urban population (% of total),2004,79.9960936968363
USA,United States,SP.URB.TOTL.IN.ZS,Urban population (% of total),2005,80.1961581748464
USA,United States,SP.URB.TOTL.IN.ZS,Urban population (% of total),2006,80.3713066436159
USA,United States,SP.URB.TOTL.IN.ZS,Urban population (% of total),2007,80.5153172872016
USA,United States,SP.URB.TOTL.IN.ZS,Urban population (% of total),2008,80.6219682896606
USA,United States,SP.URB.TOTL.IN.ZS,Urban population (% of total),2009,80.6850378350499
USA,United States,SP.URB.TOTL.IN.ZS,Urban population (% of total),2010,80.6997744673366
USA,United States,SP.URB.TOTL.IN.ZS,Urban population (% of total),2011,80.6957554256024
USA,United States,SP.URB.TOTL.IN.ZS,Urban population (% of total),2012,80.6837493386238
USA,United States,SP.URB.TOTL.IN.ZS,Urban population (% of total),2013,80.660889281215
USA,United States,SP.URB.TOTL.IN.ZS,Urban population (% of total),2014,80.6242231779766
USA,United States,SP.URB.TOTL.IN.ZS,Urban population (% of total),2015,80.5707989535091
USA,United States,SP.URB.TOTL.IN.ZS,Urban population (% of total),2016,80.4976645324131
USA,United States,SP.URB.TOTL.IN.ZS,Urban population (% of total),2017,80.4018678392891
USA,United States,SP.URB.TOTL.IN.ZS,Urban population (% of total),2018,80.2804567987377
USA,United States,SP.URB.TOTL.IN.ZS,Urban population (% of total),2019,80.1304793353594
USA,United States,SP.URB.TOTL.IN.ZS,Urban population (% of total),2020,79.997451762548
USA,United States,SP.URB.TOTL.IN.ZS,Urban population (% of total),2021,80.0074765140272
USA,United States,SP.URB.TOTL.IN.ZS,Urban population (% of total),2022,80.0324978239707
USA,United States,SP.URB.TOTL.IN.ZS,Urban population (% of total),2023,80.071561119178
